algoritmo,reduccion,ponderacion,n_caracteristicas,accuracy_cv,precision_cv,recall_cv,f1_cv,accuracy_test,precision_test,recall_test,f1_test
Regresión logística,Ninguna,TO,31129,0.8745283018867924,0.8782676055968286,0.8745283018867924,0.8741946515888557,0.8679245283018868,0.871228448275862,0.8679245283018868,0.8676300062438677
Árbol de decisión,Ninguna,TO,31129,0.8773584905660379,0.8777471991900665,0.8773584905660379,0.8773258693740649,0.8924528301886793,0.8933995660614366,0.8924528301886793,0.8923880868162049
KNN,Ninguna,TO,31129,0.6132075471698113,0.6485863173197324,0.6132075471698113,0.5884235927931138,0.6141509433962264,0.6471553334342975,0.6141509433962264,0.5912309930520395
SVM,Ninguna,TO,31129,0.8634433962264151,0.8645840858187409,0.8634433962264151,0.8633336482998548,0.869811320754717,0.8717222031375244,0.869811320754717,0.869643792841637
Regresión logística,Ninguna,TF-IDF,31129,0.8594339622641508,0.8712406033631254,0.8594339622641508,0.8582715232523107,0.8509433962264151,0.858311161512627,0.8509433962264151,0.8501731936333448
Árbol de decisión,Ninguna,TF-IDF,31129,0.8632075471698114,0.8635590791461919,0.8632075471698114,0.8631740119003071,0.8556603773584905,0.8557629647566581,0.8556603773584905,0.8556499712065395
KNN,Ninguna,TF-IDF,31129,0.7205188679245282,0.7221634394291635,0.7205188679245282,0.7200124740436931,0.7462264150943396,0.7478579184450155,0.7462264150943396,0.7458081160614076
SVM,Ninguna,TF-IDF,31129,0.8610849056603774,0.8678117532696756,0.8610849056603774,0.8603875764395129,0.8603773584905661,0.863112660697888,0.8603773584905661,0.8601139204839303
Regresión logística,Solo stopwords,TO,15019,0.877122641509434,0.8807254898317218,0.877122641509434,0.876821311395082,0.8660377358490566,0.8685780244045825,0.8660377358490566,0.8658065160333219
Árbol de decisión,Solo stopwords,TO,15019,0.8816037735849056,0.8819346496213539,0.8816037735849056,0.881578946774356,0.8915094339622641,0.8928534430715264,0.8915094339622641,0.8914165640067733
KNN,Solo stopwords,TO,15019,0.686556603773585,0.7494614104384985,0.686556603773585,0.6646785871800702,0.7056603773584905,0.7695300836070469,0.7056603773584905,0.6871251310267579
SVM,Solo stopwords,TO,15019,0.8650943396226415,0.8664923766868492,0.8650943396226415,0.86496537235343,0.8650943396226415,0.8661906955320128,0.8650943396226415,0.8649932888536187
Regresión logística,Solo stopwords,TF-IDF,15019,0.870754716981132,0.8825892985705833,0.870754716981132,0.8697299868317891,0.8641509433962264,0.8744746591691195,0.8641509433962264,0.8632081558910828
Árbol de decisión,Solo stopwords,TF-IDF,15019,0.8650943396226415,0.8654900986732098,0.8650943396226415,0.8650577248385275,0.8613207547169811,0.8614764636956468,0.8613207547169811,0.8613058188003514
KNN,Solo stopwords,TF-IDF,15019,0.7875,0.7908900458304695,0.7875,0.7868494184205109,0.8113207547169812,0.8150942580421999,0.8113207547169812,0.8107541625157557
SVM,Solo stopwords,TF-IDF,15019,0.8752358490566037,0.8812964168039258,0.8752358490566037,0.8747026426495654,0.8726415094339622,0.8761242404751723,0.8726415094339622,0.8723460056610219
Regresión logística,Solo stemming,TO,28627,0.8683962264150944,0.8716578165355378,0.8683962264150944,0.8680792694694224,0.8650943396226415,0.8682418967393061,0.8650943396226415,0.8648054448853415
Árbol de decisión,Solo stemming,TO,28627,0.8639150943396225,0.864253420905559,0.8639150943396225,0.8638818975991824,0.869811320754717,0.8702383667883211,0.869811320754717,0.8697737688689157
KNN,Solo stemming,TO,28627,0.6148584905660378,0.6575426843760256,0.6148584905660378,0.5863934372280043,0.6367924528301887,0.6882000871818231,0.6367924528301887,0.6101716448349415
SVM,Solo stemming,TO,28627,0.855188679245283,0.8562914020276018,0.855188679245283,0.8550698780802112,0.8584905660377359,0.8601522152758903,0.8584905660377359,0.8583271555656935
Regresión logística,Solo stemming,TF-IDF,28627,0.8556603773584905,0.8659627635341496,0.8556603773584905,0.8545867153416442,0.8471698113207548,0.8556839402427638,0.8471698113207548,0.8462497179633192
Árbol de decisión,Solo stemming,TF-IDF,28627,0.8474056603773585,0.8477589805677338,0.8474056603773585,0.847371576918279,0.8518867924528302,0.8518880451692602,0.8518867924528302,0.8518866606324854
KNN,Solo stemming,TF-IDF,28627,0.7219339622641509,0.723579859543493,0.7219339622641509,0.7214056509834117,0.7349056603773585,0.7360561082670617,0.7349056603773585,0.7345822740594407
SVM,Solo stemming,TF-IDF,28627,0.8639150943396225,0.8700422053594179,0.8639150943396225,0.8633234362188619,0.8575471698113207,0.8601434334379202,0.8575471698113207,0.8572899716915945
Regresión logística,Stopwords + stemming,TO,13191,0.8693396226415093,0.8723999831354357,0.8693396226415093,0.8690551357239833,0.8754716981132076,0.8785768639894327,0.8754716981132076,0.875215821692042
Árbol de decisión,Stopwords + stemming,TO,13191,0.8799528301886793,0.8803454023436913,0.8799528301886793,0.8799213746815578,0.870754716981132,0.8712318073422947,0.870754716981132,0.870713178584433
KNN,Stopwords + stemming,TO,13191,0.697877358490566,0.7699017010405238,0.697877358490566,0.6760347338152684,0.7094339622641509,0.7693681318681319,0.7094339622641509,0.6923192913014795
SVM,Stopwords + stemming,TO,13191,0.8570754716981132,0.8580592240520369,0.8570754716981132,0.8569754022153901,0.8613207547169811,0.8621264829185621,0.8613207547169811,0.8612435717625058
Regresión logística,Stopwords + stemming,TF-IDF,13191,0.8608490566037735,0.8705439766361233,0.8608490566037735,0.8599165684651899,0.8603773584905661,0.8696630198215043,0.8603773584905661,0.8594950131835378
Árbol de decisión,Stopwords + stemming,TF-IDF,13191,0.8497641509433962,0.8501945274009455,0.8497641509433962,0.8497131464401061,0.8537735849056604,0.8539260414774609,0.8537735849056604,0.8537578361500303
KNN,Stopwords + stemming,TF-IDF,13191,0.7804245283018868,0.7836765800329336,0.7804245283018868,0.7798073626197419,0.780188679245283,0.7839500827984804,0.780188679245283,0.7794583164788339
SVM,Stopwords + stemming,TF-IDF,13191,0.8674528301886791,0.8725110877550053,0.8674528301886791,0.8669818627841552,0.8783018867924528,0.8808085260400428,0.8783018867924528,0.8781012898584445
