label,clase,entidad,frecuencia
1,Verdaderas,PP,590
1,Verdaderas,Gobierno,394
1,Verdaderas,PSOE,330
1,Verdaderas,EE.UU.,245
1,Verdaderas,Venezuela,245
1,Verdaderas,Vox,231
1,Verdaderas,Congreso,181
1,Verdaderas,España,178
1,Verdaderas,También,174
1,Verdaderas,Colombia,160
1,Verdaderas,Fuente de la imagen,160
1,Verdaderas,Estados Unidos,151
1,Verdaderas,Madrid,149
1,Verdaderas,BBC Mundo,143
1,Verdaderas,Estado,139
1,Verdaderas,BBC World Service,130
1,Verdaderas,Sánchez,126
1,Verdaderas,Trump,119
1,Verdaderas,Ciudadanos,112
1,Verdaderas,Podemos,107
